Array Size, quick Sort Recursive, quick Sort Iterative
100,1.3e-05,6.7e-05
500,8.5e-05,0.001413
1000,0.000159,0.004743
2000,0.000199,0.013627
4000,0.000543,0.064366
8000,0.001248,0.223955
12000,0.001849,0.498877
16000,0.002585,0.855228
20000,0.003157,1.16969
30000,0.004776,2.34032
