Array Size, quick Sort Recursive, quick Sort Iterative
100,4.7e-05,5.1e-05
500,0.000564,0.000848
1000,0.002522,0.0036
2000,0.010154,0.016671
4000,0.069307,0.089241
8000,0.187667,0.311141
12000,0.507975,0.578027
16000,0.649598,1.02895
20000,1.05632,1.56862
30000,2.26092,3.79585
