Array Size, quick Sort Recursive, quick Sort Iterative
100,4.4e-05,6.6e-05
500,0.000922,0.001352
1000,0.00294,0.004217
2000,0.009624,0.015798
4000,0.050972,0.065928
8000,0.168795,0.268285
12000,0.397738,0.639937
16000,0.676482,1.04615
20000,1.02519,1.61611
30000,2.3411,3.58881
