Array Size, quick Sort Recursive, quick Sort Iterative
100,1e-05,5.1e-05
500,7.6e-05,0.001014
1000,9.4e-05,0.004144
2000,0.000226,0.015512
4000,0.000548,0.060933
8000,0.001148,0.22931
12000,0.001914,0.468921
16000,0.002529,0.843182
20000,0.003326,1.20252
30000,0.005604,2.67161
